Time,Continent,CumSum,SE,Percentage
2100,Africa,1786.470525,73.23773,36.44351777
2100,Asia,2038.999974,40.52288,41.59505056
2100,Europe,414.7771083,9.383987,8.461341347
2100,North America,283.6859154,33.27335,5.787116303
2100,Oceania,33.65633238,1.126985,0.68658012
2100,South America,344.4356188,31.82686,7.026393898