Time,Continent,CumSum,SE,Percentage
2100,Africa,137.3577095,1.08757,9.827254674
2100,Asia,609.7713763,10.18233,43.62608134
2100,Europe,254.3235689,1.146682,18.19557483
2100,North America,206.9839353,2.348534,14.80866166
2100,Oceania,18.13264384,0.1466519,1.297299653
2100,South America,171.1528569,3.39175,12.24512785